Trump,Biden
36.552973885413564,41.007740173015634
26.873200278026015,32.892816699160605
36.57382583656042,26.09944312782376
